{
  "confusion_matrix": [
    [
      200,
      1,
      0,
      0
    ],
    [
      0,
      98,
      1,
      0
    ],
    [
      0,
      0,
      67,
      43
    ],
    [
      0,
      0,
      28,
      168
    ]
  ],
  "roc_auc": {
    "0": 0.9999508629691051,
    "1": 0.9999402307094615,
    "2": 0.9186033724340176,
    "3": 0.9455823792931807,
    "micro": 0.9838396380892215,
    "macro": 0.966732417276631
  },
  "average_precision": {
    "0": 0.9999029244023783,
    "1": 0.999693887962286,
    "2": 0.7111578109229404,
    "3": 0.8488415610338997,
    "micro": 0.954524971292789
  },
  "metrics": {
    "accuracy": 0.8795379537953796,
    "precision_macro": 0.871006046842836,
    "recall_macro": 0.8627894079386617,
    "f1_macro": 0.8658608716897461,
    "precision_micro": 0.8795379537953796,
    "recall_micro": 0.8795379537953796,
    "f1_micro": 0.8795379537953796,
    "per_class_metrics": {
      "precision": "[1.         0.98989899 0.69791667 0.79620853]",
      "recall": "[0.99502488 0.98989899 0.60909091 0.85714286]",
      "f1": "[0.99750623 0.98989899 0.65048544 0.82555283]"
    }
  }
}