{
  "confusion_matrix": [
    [
      200,
      1,
      0,
      0
    ],
    [
      0,
      99,
      0,
      0
    ],
    [
      0,
      0,
      67,
      43
    ],
    [
      0,
      1,
      30,
      165
    ]
  ],
  "roc_auc": {
    "0": 0.999914010195934,
    "1": 0.9998007690315383,
    "2": 0.9212793255131966,
    "3": 0.9454579392732703,
    "micro": 0.9843561088782145,
    "macro": 0.9672569043425505
  },
  "average_precision": {
    "0": 0.9998325679295829,
    "1": 0.9989533345050493,
    "2": 0.7256314557507375,
    "3": 0.852759569238523,
    "micro": 0.9555534459068508
  },
  "metrics": {
    "accuracy": 0.8762376237623762,
    "precision_macro": 0.8660472250139368,
    "recall_macro": 0.8614881298516693,
    "f1_macro": 0.862920228187841,
    "precision_micro": 0.8762376237623762,
    "recall_micro": 0.8762376237623762,
    "f1_micro": 0.8762376237623762,
    "per_class_metrics": {
      "precision": "[1.         0.98019802 0.69072165 0.79326923]",
      "recall": "[0.99502488 1.         0.60909091 0.84183673]",
      "f1": "[0.99750623 0.99       0.647343   0.81683168]"
    }
  }
}